link,name,mk_name,category,description,rating,review_count,phone,website,picture
https://www.google.com/maps/place/Canyon+Matka/data=!4m7!3m6!1s0x1354103a88a46685:0xd2b208cdb098b393!8m2!3d41.9506991!4d21.2996209!16s%2Fm%2F09gcxkn!19sChIJhWakiDoQVBMRk7OYsM0IstI?authuser=0&hl=en&rclk=1,Canyon Matka,Клисура Матка,Nature preserve,"Picturesque gorge with medieval monasteries, also offering boating, hiking & cave exploration.",4.7,"7,258 reviews",+389 70 271 900,none,https://lh5.googleusercontent.com/p/AF1QipNY-5TQ3M1_a8daGSCn8alFlSPilBF3n8sRPJcE=w408-h306-k-no
https://www.google.com/maps/place/Old+Bazaar/data=!4m7!3m6!1s0x135415afad379837:0xd19f732f5ede1e48!8m2!3d42.000961!4d21.4371546!16s%2Fm%2F09ghwt2!19sChIJN5g3ra8VVBMRSB7eXi9zn9E?authuser=0&hl=en&rclk=1,Old Bazaar,Стара чаршија,Market,"Vibrant old bazaar built in Ottoman architectural style, with mosques, markets, shops and cafes.",4.5,"14,853 reviews",none,none,https://lh5.googleusercontent.com/p/AF1QipMzyJfsdf1XYOtRPPt5uTrpf5uOVrI2GzjJPaz0=w408-h306-k-no
https://www.google.com/maps/place/Kokino+megalithic+observatory/data=!4m7!3m6!1s0x1355074b18a677d1:0x1ce05a73c3049a6f!8m2!3d42.2630342!4d21.9537199!16zL20vMDliemN4!19sChIJ0XemGEsHVRMRb5oEw3Na4Bw?authuser=0&hl=en&rclk=1,Kokino megalithic observatory,Кокино мегалитска опсерваторија,Observatory,Mountainous site with the archaeological ruins of a Bronze Age observatory.,4.7,426 reviews,none,kokino.mk,https://lh5.googleusercontent.com/p/AF1QipOrCPfVgJ_p2LWzyfhuB1VdOoGpFKK7dAwcZcEa=w408-h272-k-no
https://www.google.com/maps/place/Stone+Bridge/data=!4m7!3m6!1s0x135415b3e094c2cd:0x9a702c998e170a3e!8m2!3d41.9969881!4d21.433031!16s%2Fm%2F03h5zxl!19sChIJzcKU4LMVVBMRPgoXjpkscJo?authuser=0&hl=en&rclk=1,Stone Bridge,Камен мост,Bridge,"Built in the 15th century, this stone, arched bridge is a prominent symbol of the country's capital.",4.6,"3,666 reviews",none,none,https://lh5.googleusercontent.com/p/AF1QipPAGAkzhHeYsdSqPKGDsps-2k8Rz-5EkHVB3imU=w408-h306-k-no
https://www.google.com/maps/place/Monastery+of+St.+Naum/data=!4m7!3m6!1s0x1350be4b97d658db:0x527f1a786822494d!8m2!3d40.9139033!4d20.7407263!16zL20vMDl0Nmo4!19sChIJ21jWl0u-UBMRTUkiaHgaf1I?authuser=0&hl=en&rclk=1,Monastery of St. Naum,Манастир Свети Наум,Monastery,"Eastern Orthodox monastery founded in 905, open to the public with lake views & live peacocks.",4.8,"6,606 reviews",none,none,https://lh5.googleusercontent.com/p/AF1QipNWGhlIIRfYjUs3tpajxH_-gOvaR21GlnrkS1Kc=w408-h306-k-no
https://www.google.com/maps/place/Memorial+House+of+Mother+Teresa/data=!4m7!3m6!1s0x135415b5a95eb8f5:0xc4fa5050af12edfd!8m2!3d41.99382!4d21.4308717!16s%2Fm%2F05f9tx6!19sChIJ9bheqbUVVBMR_e0Sr1BQ-sQ?authuser=0&hl=en&rclk=1,Memorial House of Mother Teresa,Спомен-куќа на Мајка Тереза,History museum,"Museum dedicated to a renowned Catholic nun, with an eclectic design & a striking, modern chapel.",4.4,"2,007 reviews",+389 2 329 0674,memorialhouseofmotherteresa.com,https://lh5.googleusercontent.com/p/AF1QipOEDKj94JbqjDoyv3H1jQAOffH67Tl7NEqsNdSv=w408-h272-k-no
https://www.google.com/maps/place/National+Park+%E2%80%9EPelister%E2%80%9C/data=!4m7!3m6!1s0x135724f96a99752b:0x46f5baa54c8ac5ec!8m2!3d41.0014546!4d21.2129616!16s%2Fm%2F0kvkq31!19sChIJK3WZavkkVxMR7MWKTKW69UY?authuser=0&hl=en&rclk=1,National Park „Pelister“,Национален парк „Пелистер“,National park,"Covering 66 sq .mi., this popular forest of rare pines offers trails, wildlife, ski areas & views.",4.8,"1,112 reviews",+389 47 233 464,park-pelister.com,https://lh5.googleusercontent.com/p/AF1QipOvx5I7NTg_LCX6NOd-mwptHo4c01gC2a7SLCSs=w408-h306-k-no
https://www.google.com/maps/place/Millennium+Cross/data=!4m7!3m6!1s0x135416b98356a92f:0x174252c6d34679ff!8m2!3d41.9651384!4d21.3943505!16s%2Fm%2F03wfpdm!19sChIJL6lWg7kWVBMR_3lG08ZSQhc?authuser=0&hl=en&rclk=1,Millennium Cross,Милениумски крст,Tourist attraction,"Memorial cross on top of a mountain accessible by cable car, with picturesque views of city below.",4.6,"3,378 reviews",+389 70 806 626,zicnica.jsp.com.mk,https://lh5.googleusercontent.com/p/AF1QipMDetPvKteYvflGDqYX1eQoHTsmCAvr5NVtUtXJ=w408-h544-k-no
https://www.google.com/maps/place/The+Bay+of+Bones/data=!4m7!3m6!1s0x1350c13030cfd3ab:0xc16529b84830e9e0!8m2!3d40.9943675!4d20.7980954!16s%2Fg%2F11f0l4xjmh!19sChIJq9PPMDDBUBMR4OkwSLgpZcE?authuser=0&hl=en&rclk=1,The Bay of Bones,Заливот на коските,Museum,Reconstructed village of stilt houses displaying Bronze & Iron Age items recovered from Lake Ohrid.,4.5,"2,739 reviews",+389 46 231 300,muzejohrid.mk,https://lh5.googleusercontent.com/p/AF1QipNm3G85sC9Xn0CUxodIYPVMQ0_m-xmiYk5EJzJM=w408-h305-k-no
https://www.google.com/maps/place/Mavrovo+National+Park/data=!4m7!3m6!1s0x135169bf75f88ba3:0x58665d22c9d1ea2c!8m2!3d41.6995671!4d20.6652778!16s%2Fm%2F0zwnj7k!19sChIJo4v4db9pURMRLOrRySJdZlg?authuser=0&hl=en&rclk=1,Mavrovo National Park,Национален парк „Маврово“,National park,"Large national park founded in 1949, featuring trails through mountains & canyons & along a river.",4.7,"2,691 reviews",+389 42 489 425,npmavrovo.org.mk,https://lh5.googleusercontent.com/p/AF1QipP1CZZSm2VAsbggSQy_t4V3ElqajfbnS1skR5sp=w408-h306-k-no
https://www.google.com/maps/place/Archaeological+Museum+of+the+Republic+of+Macedonia/data=!4m7!3m6!1s0x135415aef89e7f7d:0x7f10f7b3ba13ae34!8m2!3d41.996783!4d21.4343423!16s%2Fg%2F11bvsrsdhg!19sChIJfX-e-K4VVBMRNK4TurP3EH8?authuser=0&hl=en&rclk=1,Archaeological Museum of the Republic of Macedonia,Археолошки музеј на Република Македонија,Museum,"Grand museum offering archeological relics from ancient Macedonian times, including coins & statues.",4.1,768 reviews,+389 2 323 3999,amm.org.mk,https://lh5.googleusercontent.com/p/AF1QipMfevIpMDL-UaBQrrlCrnFivQYuClRSLRMblDC-=w408-h306-k-no
https://www.google.com/maps/place/Koleshino+Waterfall/data=!4m7!3m6!1s0x14a9fa744b70f965:0xb293ac5648f1873b!8m2!3d41.3695082!4d22.8068927!16s%2Fm%2F03c33g1!19sChIJZflwS3T6qRQRO4fxSFask7I?authuser=0&hl=en&rclk=1,Koleshino Waterfall,Колешински Водопад,Tourist attraction,none,4.8,463 reviews,+389 34 351 796,none,https://lh5.googleusercontent.com/p/AF1QipPiU_BpUeX6DVK62JBNx0vdjgaShssCfNKu8_Ov=w408-h883-k-no
https://www.google.com/maps/place/Church+of+Saint+John+the+Theologian/data=!4m7!3m6!1s0x1350dcb9e2457c71:0xbea74f2f5ddcc056!8m2!3d41.1111028!4d20.7887528!16s%2Fm%2F02r390y!19sChIJcXxF4rncUBMRVsDcXS9Pp74?authuser=0&hl=en&rclk=1,Church of Saint John the Theologian,Црква „Свети Јован Богослов“,Orthodox church,"Historic, landmark Orthodox church overlooking Lake Ohrid, with picnic & seating areas.",4.9,"2,702 reviews",+389 46 230 455,none,https://lh5.googleusercontent.com/p/AF1QipM8DGM2obc9GOxs2mDp-xNvI9sl1T5YICgAiZ1b=w408-h306-k-no
https://www.google.com/maps/place/Macedonia+Square/data=!4m7!3m6!1s0x135415b475092443:0x2420e649a4b27994!8m2!3d41.9962084!4d21.4318933!16s%2Fg%2F11fxfvjglg!19sChIJQyQJdbQVVBMRlHmypEnmICQ?authuser=0&hl=en&rclk=1,Macedonia Square,Плоштад „Македонија“,Tourist attraction,none,4.4,"1,339 reviews",none,skopje.mk,https://lh5.googleusercontent.com/p/AF1QipPzVuaSoDmiQPFE4A0UueVWYD2JLyRvyCvueKro=w408-h271-k-no
https://www.google.com/maps/place/Skopje+Fortress/data=!4m7!3m6!1s0x135415ac30000001:0xfc4d0b3f68ae3f03!8m2!3d42.0006598!4d21.4326293!16s%2Fm%2F02vx62f!19sChIJAQAAMKwVVBMRAz-uaD8LTfw?authuser=0&hl=en&rclk=1,Skopje Fortress,Скопска тврдина Кале,Fortress,"Remains of a 6th-century hilltop stone fortress, offering panoramic views of the city & river.",4.2,"1,470 reviews",+389 2 312 9323,none,https://lh5.googleusercontent.com/p/AF1QipN0jES36stjCaeM7ceHH2eJINWgjGgEXb3eXGQ=w408-h544-k-no
https://www.google.com/maps/place/Holy+Mother+of+God+(Treskavec+Monastery)/data=!4m7!3m6!1s0x1356eb3c7e0d3f9b:0xc75a900a4ef67a6f!8m2!3d41.4041534!4d21.5379749!16s%2Fm%2F05b5cz0!19sChIJmz8NfjzrVhMRb3r2TgqQWsc?authuser=0&hl=en&rclk=1,Holy Mother of God (Treskavec Monastery),Успение на Пресвета Богородица,Monastery,"Hilltop church dating from the 12th century, with elaborate ceiling frescoes & valley views.",4.8,312 reviews,none,none,https://lh5.googleusercontent.com/p/AF1QipOcr6LDqvDZt78S_MSYIF7M8x_Cgvn5BswczNQk=w408-h270-k-no
https://www.google.com/maps/place/%E2%80%9EPlaoshnik%E2%80%9C/data=!4m7!3m6!1s0x1350dcba31d97223:0x73ac40c249a429e1!8m2!3d41.1127678!4d20.7908025!16s%2Fm%2F076ywsn!19sChIJI3LZMbrcUBMR4SmkScJArHM?authuser=0&hl=en&rclk=1,„Plaoshnik“,„Плаошник“,Archaeological site,This archeological site features a restored 9th-century church plus ruins from earlier structures.,4.7,672 reviews,none,none,https://lh5.googleusercontent.com/p/AF1QipPzI7F3L61x1NhgkYK9bTYZcYQo2hmw-Tbe31XU=w408-h306-k-no
https://www.google.com/maps/place/Smolare+Waterfall/data=!4m7!3m6!1s0x14a9f15136aa85cd:0x772e82175c799502!8m2!3d41.3662782!4d22.8996196!16s%2Fm%2F03c33ts!19sChIJzYWqNlHxqRQRApV5XBeCLnc?authuser=0&hl=en&rclk=1,Smolare Waterfall,Смоларски Водопад,Tourist attraction,none,4.8,552 reviews,none,none,https://lh5.googleusercontent.com/p/AF1QipP-jGhV5vCdZIJbxW6GfIJleFSjfXctMk83Vqq-=w408-h555-k-no
https://www.google.com/maps/place/Xhamia+e+Larme/data=!4m7!3m6!1s0x1353f0ecc962ff8f:0xa7ce91490ddb1396!8m2!3d42.0057199!4d20.9667833!16s%2Fm%2F0fqnvfg!19sChIJj_9iyezwUxMRlhPbDUmRzqc?authuser=0&hl=en&rclk=1,Xhamia e Larme,Шарена џамија/Xhamia e Larme,Mosque,Ottoman-era mosque rebuilt in the 1800s known for its frescoed facade & vivid painted interior.,4.8,"1,726 reviews",none,none,https://lh5.googleusercontent.com/p/AF1QipPDkMWEsB1CqnFByh6y8460ZlEICW3LKG0Z6XRA=w408-h306-k-no
https://www.google.com/maps/place/Makedonium+-+Ilinden+Monument/data=!4m7!3m6!1s0x1356cf182f31f177:0xd4b1577f47a9010c!8m2!3d41.377481!4d21.2484142!16s%2Fm%2F0114mkz_!19sChIJd_ExLxjPVhMRDAGpR39XsdQ?authuser=0&hl=en&rclk=1,Makedonium - Ilinden Monument,Споменик Илинден / Меморијален центар Македониум,Monument,none,4.7,527 reviews,none,none,https://lh5.googleusercontent.com/p/AF1QipMCd3pKKr1mg7Q1XcdQAELBeVlLehu2X5vOw1Vb=w408-h306-k-no
https://www.google.com/maps/place/Gali%C4%8Dica+National+Park/data=!4m7!3m6!1s0x1350bf5523351801:0xfbb2cff9d6f6f58d!8m2!3d40.9672707!4d20.8400775!16s%2Fg%2F122x7v75!19sChIJARg1I1W_UBMRjfX21vnPsvs?authuser=0&hl=en&rclk=1,Galičica National Park,Национален парк „Галичица“,National park,"Protected area around Mount Galicica, with rugged hiking & biking trails overlooking 2 vast lakes.",4.7,"2,402 reviews",none,galicica.org.mk,https://lh5.googleusercontent.com/p/AF1QipMiTUI26d2Vdzv7v867cfuf_deQSJqDMsbGXtB_=w408-h273-k-no
https://www.google.com/maps/place/Macedonian+Holocaust+Museum/data=!4m7!3m6!1s0x135415b180964c73:0x6f002b429d2cb1f4!8m2!3d41.9984402!4d21.4333552!16s%2Fm%2F0glnxrl!19sChIJc0yWgLEVVBMR9LEsnUIrAG8?authuser=0&hl=en&rclk=1,Macedonian Holocaust Museum,Меморијален центар на холокаустот на Евреите од Македонија,History museum,"Holocaust museum dedicated to Jewish Macedonian people in a contemporary building, open since 2011.",4.4,268 reviews,+389 2 312 2697,none,https://lh5.googleusercontent.com/p/AF1QipPch5PtS3Hj7jPITdFaoIHR0zTXA-mcySMSQ7Ed=w408-h306-k-no
https://www.google.com/maps/place/Museum+of+the+Macedonian+Struggle/data=!4m7!3m6!1s0x135415b3d13bf2cd:0x5cd0cf33f5d2e31e!8m2!3d41.998074!4d21.433085!16s%2Fm%2F0gy1_gj!19sChIJzfI70bMVVBMRHuPS9TPP0Fw?authuser=0&hl=en&rclk=1,Museum of the Macedonian Struggle,Музеј на македонската борба за самостојност,History museum,Stately museum showcasing scenes & artifacts from the Macedonian revolution for independence.,4.3,704 reviews,+389 2 325 6668,mmb.org.mk,https://lh5.googleusercontent.com/p/AF1QipPbNXAOC3-QKz08mabxzutwwgHE7Stz-8LhfCpH=w408-h243-k-no
https://www.google.com/maps/place/Peshna+Cave/data=!4m7!3m6!1s0x1356b733b9ffe92f:0xa6fa2e0932cd97aa!8m2!3d41.5477314!4d21.2524835!16s%2Fg%2F11cnclblwd!19sChIJL-n_uTO3VhMRqpfNMgku-qY?authuser=0&hl=en&rclk=1,Peshna Cave,Пештера Пешна,Tourist attraction,none,4.8,195 reviews,none,exploringmacedonia.com,https://lh5.googleusercontent.com/p/AF1QipPzOC8_nqEjCIhI8nxziLyaBI_X2dFBC5YfzLPE=w408-h272-k-no
https://www.google.com/maps/place/Duf+Waterfall/data=!4m7!3m6!1s0x13516cb5cc499cf7:0x92b7a6d20ba67b69!8m2!3d41.60272!4d20.5967327!16s%2Fm%2F03c6hcr!19sChIJ95xJzLVsURMRaXumC9Kmt5I?authuser=0&hl=en&rclk=1,Duf Waterfall,Водопад Дуф,Nature preserve,none,4.8,253 reviews,none,macedonia-timeless.com,https://lh5.googleusercontent.com/p/AF1QipNDKz_OphSYXJqobIrlZZseAxI5HzFYIFUl00hK=w408-h544-k-no
https://www.google.com/maps/place/The+Tose+Proeski+Memorial+House/data=!4m7!3m6!1s0x1356cf1a2e37b3f3:0xc1d6a6ca865d815c!8m2!3d41.37434!4d21.2462564!16s%2Fg%2F11gd1b_h2g!19sChIJ87M3LhrPVhMRXIFdhsqm1sE?authuser=0&hl=en&rclk=1,The Tose Proeski Memorial House,Спомен-куќа на Тодор Проески - Тоше,Memorial park,none,4.8,907 reviews,+389 48 477 888,spomenkukatose.org.mk,https://lh5.googleusercontent.com/p/AF1QipMVfI44G4bTKSzbgnhxScTcQIX5tmn7TAeaGj8M=w408-h248-k-no
https://www.google.com/maps/place/Skopje+Zoo/data=!4m7!3m6!1s0x13541450ee4b8253:0x43daed6b52ccf922!8m2!3d42.0064778!4d21.4172066!16s%2Fm%2F0bs2106!19sChIJU4JL7lAUVBMRIvnMUmvt2kM?authuser=0&hl=en&rclk=1,Skopje Zoo,Зоолошка градина Скопје,Zoo,"Founded in 1926, the 12-hectare zoo houses many animal species, an educational center & a play area.",4.3,"5,915 reviews",+389 2 322 0578,zooskopje.com.mk,https://lh5.googleusercontent.com/p/AF1QipNuYmWZxnChd5boGOn3TvypmmdIupIsWnZokYDo=w408-h544-k-no
https://www.google.com/maps/place/%D0%A0%D0%B5%D0%BF%D1%83%D0%B1%D0%BB%D0%B8%D0%BA%D0%B0+%D0%9C%D0%B0%D0%BA%D0%B5%D0%B4%D0%BE%D0%BD%D0%B8%D1%98%D0%B0/data=!4m7!3m6!1s0x135707c2373cc2fb:0x9f171a7c776e8d27!8m2!3d40.9329151!4d21.785897!16s%2Fg%2F11s753fcwk!19sChIJ-8I8N8IHVxMRJ41ud3waF58?authuser=0&hl=en&rclk=1,Република Македонија,,Tourist attraction,none,none,0 reviews,none,none,https://maps.gstatic.com/tactile/pane/default_geocode-1x.png
https://www.google.com/maps/place/Bigorski+Monastery+St+John+the+Baptist/data=!4m7!3m6!1s0x13516c9bc1ed595f:0xe1611cdb1935da2c!8m2!3d41.6211822!4d20.6094242!16zL20vMGR3Nm03!19sChIJX1ntwZtsURMRLNo1GdscYeE?authuser=0&hl=en&rclk=1,Bigorski Monastery St John the Baptist,Манастир Свети Јован Бигорски,Monastery,Tranquil monastery founded in 1020 overlooking mountains & housing a collection of holy relics.,4.9,"2,564 reviews",+389 42 333 399,bigorski.mk,https://lh5.googleusercontent.com/p/AF1QipM5Qv0YOoTQ7afx7sVZoW9mpgTv2W2CJmzomVzi=w426-h240-k-no
https://www.google.com/maps/place/Museum+of+the+Republic+of+Macedonia/data=!4m7!3m6!1s0x135415ae5424914b:0x93fce4e72af520d5!8m2!3d42.00245!4d21.4365216!16s%2Fm%2F0gjbq2s!19sChIJS5EkVK4VVBMR1SD1Kufk_JM?authuser=0&hl=en&rclk=1,Museum of the Republic of Macedonia,Музеј на Република Северна Македонија,Museum,"National museum dedicated to the archeological, ethnological & historic heritage of Macedonia.",4.0,117 reviews,+389 2 311 6044,museum.org.mk,https://lh5.googleusercontent.com/p/AF1QipPgXWohuJ0znGGZoJcuMFoHqFbmpAU3AmiKapvs=w408-h306-k-no
https://www.google.com/maps/place/Skopje+City+%E2%80%8B%E2%80%8BPark/data=!4m7!3m6!1s0x135414518134b915:0xd50e56d862b025d0!8m2!3d42.0051725!4d21.4213658!16s%2Fg%2F11c2p_wmyp!19sChIJFbk0gVEUVBMR0CWwYthWDtU?authuser=0&hl=en&rclk=1,Skopje City Park,Градски парк Скопје,Park,none,4.6,"3,189 reviews",+389 2 329 7204,skopje.gov.mk,https://lh5.googleusercontent.com/p/AF1QipPgdr8YKj7XCmDfCluwPn6wBtlospA9sIZidyCm=w408-h306-k-no
https://www.google.com/maps/place/Heraclea+Lyncestis/data=!4m7!3m6!1s0x135724dc9718f1f5:0xf70c4a57038c2cf5!8m2!3d41.0111117!4d21.3423422!16s%2Fg%2F1v2gb0rl!19sChIJ9fEYl9wkVxMR9SyMA1dKDPc?authuser=0&hl=en&rclk=1,Heraclea Lyncestis,Хераклеа Линкестис,Archaeological site,none,4.5,900 reviews,+389 47 235 329,none,https://lh5.googleusercontent.com/p/AF1QipPXv2HBJ53LRis4MeNXG2AN4LUaBTIXn-6hxM5h=w426-h240-k-no
https://www.google.com/maps/place/Stobi/data=!4m7!3m6!1s0x13567bfb2b012c3f:0x62708ab14749c2b8!8m2!3d41.5522747!4d21.9753512!16zL20vMDRfbjM0!19sChIJPywBK_t7VhMRuMJJR7GKcGI?authuser=0&hl=en&rclk=1,Stobi,Стоби,Archaeological site,Conserved archaeological site consisting of a Paeonian city that was later conquered by Macedonians.,4.7,411 reviews,+389 75 210 752,stobi.mk,https://lh5.googleusercontent.com/p/AF1QipMLWQy2gz0jWkMutyIKQcHuBBcHFWD_Y8Mcl_Gs=w408-h306-k-no
https://www.google.com/maps/place/Museum+of+Contemporary+Art/data=!4m7!3m6!1s0x135415ac3adb833b:0x89278ac3db7a3699!8m2!3d42.0038889!4d21.4327778!16s%2Fm%2F0gx__jf!19sChIJO4PbOqwVVBMRmTZ628OKJ4k?authuser=0&hl=en&rclk=1,Museum of Contemporary Art,Музеј на современа уметност,Art museum,"Bright, airy museum housing modern & contemporary works by Macedonian & international artists.",4.3,446 reviews,+389 2 311 7734,msu.mk,https://lh5.googleusercontent.com/p/AF1QipPXXjHGY7HXnClhtzlOhH2RVqhxYxdWXv0KBN_x=w426-h240-k-no
https://www.google.com/maps/place/Church+of+Saints+Clement+and+Panteleimon/data=!4m7!3m6!1s0x1350dcba362685c3:0x51734e25d97298d!8m2!3d41.1124229!4d20.7909423!16s%2Fm%2F02qwfcd!19sChIJw4UmNrrcUBMRjSmXXeI0FwU?authuser=0&hl=en&rclk=1,Church of Saints Clement and Panteleimon,Црква Свети Климент и Пантелеjмон,Orthodox church,"The most sacred in the region, this ancient Byzantine church sits on a hill overlooking the lake.",4.7,448 reviews,none,none,https://lh5.googleusercontent.com/p/AF1QipOeq1UYxMvrLnPW3F2bSsy5yfsw8wkLaygW_NjR=w408-h306-k-no
https://www.google.com/maps/place/Old+Mavrovo+Church/data=!4m7!3m6!1s0x13514217dd7caa43:0x26de0e39ad4df179!8m2!3d41.6600562!4d20.7354712!16s%2Fg%2F1hdyyrsnb!19sChIJQ6p83RdCURMRefFNrTkO3iY?authuser=0&hl=en&rclk=1,Old Mavrovo Church,Старата Мавровска црква,Church,none,4.7,239 reviews,none,none,https://lh5.googleusercontent.com/p/AF1QipNI3AHL-Aa_K8Si9joV56HDJjSxvKMNEZckTcBh=w426-h240-k-no
https://www.google.com/maps/place/Museum+of+the+City+of+Skopje/data=!4m7!3m6!1s0x135415caead2bb31:0x70660ffc6ef15a5a!8m2!3d41.991094!4d21.4291072!16s%2Fm%2F05zmt5_!19sChIJMbvS6soVVBMRWlrxbvwPZnA?authuser=0&hl=en&rclk=1,Museum of the City of Skopje,Музеј на град Скопје,Museum,"Housed in a former railway station, this museum features exhibitions on the city's history.",4.2,299 reviews,+389 2 311 4742,mgs.org.mk,https://lh5.googleusercontent.com/p/AF1QipOfbB84rqDaFi31X3mwQD8RTrwvvGQrNnugGWA3=w408-h306-k-no
https://www.google.com/maps/place/Suli+An/data=!4m7!3m6!1s0x135415afbcc36c3b:0x3230443008ee6a4!8m2!3d42.0016031!4d21.4377428!16s%2Fm%2F0fqql6c!19sChIJO2zDvK8VVBMRpOaOAEMEIwM?authuser=0&hl=en&rclk=1,Suli An,Сули Ан,Tourist attraction,"Grand 15th-century caravansarai, now housing a local-history museum & Academy of Arts.",4.6,145 reviews,none,none,https://lh5.googleusercontent.com/p/AF1QipPoDK903Y1aFNfroY2zjLgqhVT_V34cYeXDex3Z=w408-h306-k-no
https://www.google.com/maps/place/Aqua+Park+Macedonia/data=!4m7!3m6!1s0x1355bc5b2006541b:0x4bbc94c76f7e9984!8m2!3d42.0054626!4d22.1759491!16s%2Fm%2F0klzc0v!19sChIJG1QGIFu8VRMRhJl-b8eUvEs?authuser=0&hl=en&rclk=1,Aqua Park Macedonia,Аквапарк Македонија,Amusement park,none,3.9,760 reviews,+389 32 480 080,none,https://lh5.googleusercontent.com/p/AF1QipNi4iGDMSUTlplgVU2I0xE1phMuJkjrnDAGlBPT=w408-h306-k-no
https://www.google.com/maps/place/Church+of+Saint+Sophia/data=!4m7!3m6!1s0x1350dcbae7584491:0xf973c9aa671fb02d!8m2!3d41.1120957!4d20.7942357!16zL20vMDR6cWQy!19sChIJkURY57rcUBMRLbAfZ6rJc_k?authuser=0&hl=en&rclk=1,Church of Saint Sophia,Црква “Св. Софија” - Охрид,Orthodox church,"Built in the Middle Ages, this Macedonian Orthodox Church displays centuries-old religious art.",4.7,"1,986 reviews",+389 46 267 403,mpc.org.mk,https://lh5.googleusercontent.com/p/AF1QipMp2NHsPEoOLowQ9UIXznkZtw232sWhsL4lEpI=w408-h306-k-no
https://www.google.com/maps/place/Kamnik+Winery/data=!4m7!3m6!1s0x13543fcf77ad885f:0x6ac9fa6e7a97b908!8m2!3d42.0077507!4d21.4902834!16s%2Fg%2F1q6cn1t0j!19sChIJX4itd88_VBMRCLmXem76yWo?authuser=0&hl=en&rclk=1,Kamnik Winery,Винарија „Камник“,Winery,none,4.9,119 reviews,+389 2 252 1789,chateaukamnik.com,https://lh5.googleusercontent.com/p/AF1QipNvT0l9ET8GmEL7Zqed3uWPKgQXnPSkLQ8Vzd6g=w408-h266-k-no
https://www.google.com/maps/place/St.+Panteleimon/data=!4m7!3m6!1s0x13541153d39cfcc1:0x3b36897699505d32!8m2!3d41.9768954!4d21.3744837!16s%2Fm%2F03c8ym4!19sChIJwfyc01MRVBMRMl1QmXaJNjs?authuser=0&hl=en&rclk=1,St. Panteleimon,Манастир „Свети Пантелејмон“,Monastery,"Compact, Byzantine-era church dating to 1164, known for its colorful medieval frescoes.",4.7,566 reviews,+389 2 308 1255,travel2macedonia.com.mk,https://lh5.googleusercontent.com/p/AF1QipPgKeD_34K3uiWF4PL2hjcMQxpYkho2UGqtli-x=w408-h306-k-no
https://www.google.com/maps/place/Bitola+Zoo/data=!4m7!3m6!1s0x135724dd7b2735c5:0x6657f4586283e7ea!8m2!3d41.0146881!4d21.3420718!16s%2Fm%2F05p1q30!19sChIJxTUne90kVxMR6ueDYlj0V2Y?authuser=0&hl=en&rclk=1,Bitola Zoo,Зоолошка градина Битола,Zoo,none,3.5,511 reviews,+389 47 222 956,none,https://lh5.googleusercontent.com/p/AF1QipNEWzzYVSeV3p_BSDOsE57YpXBlY9QzCgT1fv0r=w408-h306-k-no
https://www.google.com/maps/place/Paragliding+Take-off+Velestovo/data=!4m7!3m6!1s0x1350c551f6ce67d9:0x4c781e65debba73!8m2!3d41.0920533!4d20.8351758!16s%2Fg%2F11q880ldks!19sChIJ2WfO9lHFUBMRc7rrXeaBxwQ?authuser=0&hl=en&rclk=1,Paragliding Take-off Velestovo,,Tourist attraction,none,5.0,2 reviews,+389 75 281 090,none,https://lh5.googleusercontent.com/p/AF1QipM9CND0ai0OPDubOwazQprIoh_3Vsj8yqgwAlwH=w408-h408-k-no
https://www.google.com/maps/place/%D0%9F%D1%87e%D0%BB%D0%BD%D0%B0+%D0%98%D0%BD%D1%85%D0%B0%D0%BB%D0%B0%D1%86%D0%B8%D1%98%D0%B0/data=!4m7!3m6!1s0x135121e7a6d7acc7:0x3a45d20369f47305!8m2!3d41.3120656!4d20.796965!16s%2Fg%2F11rg8dvvv4!19sChIJx6zXpuchURMRBXP0aQPSRTo?authuser=0&hl=en&rclk=1,Пчeлна Инхалација,,Tourist attraction,none,4.0,3 reviews,+389 78 252 800,facebook.com,https://lh5.googleusercontent.com/p/AF1QipPcVj1i4l2axKTWEHxj2XfI81t64RHUuYzXUrze=w408-h306-k-no
https://www.google.com/maps/place/Vodno/data=!4m7!3m6!1s0x135416ba341ec4b7:0x96c5400034dcae17!8m2!3d41.965!4d21.3944444!16s%2Fm%2F0412gh_!19sChIJt8QeNLoWVBMRF67cNABAxZY?authuser=0&hl=en&rclk=1,Vodno,Врв Водно,Mountain peak,"1,066-m. mountain featuring hiking, churches, the Millennium Cross, the Prskalo waterfall & more.",4.8,184 reviews,none,none,https://lh5.googleusercontent.com/p/AF1QipPBC041MASh1gF1f9gh3NBF6psqkLqXJPI4nJtE=w408-h306-k-no
https://www.google.com/maps/place/The+Bridge+of+Art+Skopje/data=!4m7!3m6!1s0x135415b7292eedb5:0xf1873a38c77f8389!8m2!3d41.9956924!4d21.4359211!16s%2Fm%2F0swk_6t!19sChIJte0uKbcVVBMRiYN_xzg6h_E?authuser=0&hl=en&rclk=1,The Bridge of Art Skopje,Мост на уметноста,Bridge,none,4.4,359 reviews,none,none,https://lh5.googleusercontent.com/p/AF1QipM5r9UYC12dujWscPK-fIohtz4dcMT65nprU0zy=w408-h288-k-no
https://www.google.com/maps/place/Lake+Ohrid/data=!4m7!3m6!1s0x1350c20207e43fcb:0xc4d008c074af01c2!8m2!3d41.0419103!4d20.7189976!16zL20vMDRmbnYx!19sChIJyz_kBwLCUBMRwgGvdMAI0MQ?authuser=0&hl=en&rclk=1,Lake Ohrid,Охридско Езеро,Lake,This large ancient lake straddling the border between Albania & Macedonia reaches a depth of 300m.,4.8,951 reviews,none,none,https://lh5.googleusercontent.com/p/AF1QipM2sXnVKbhYedkfQqic2BZ5yie0l0uCqCj8d8X_=w408-h272-k-no
https://www.google.com/maps/place/Macedonia+Square/data=!4m7!3m6!1s0x135415b3e65c3faf:0xb531e9ce6935c725!8m2!3d41.9972079!4d21.4330997!16s%2Fm%2F03h3f5s!19sChIJrz9c5rMVVBMRJcc1ac7pMbU?authuser=0&hl=en&rclk=1,Macedonia Square,Плоштад Македонија,Add a missing place,none,none,0 reviews,none,none,https://lh5.googleusercontent.com/p/AF1QipOqdDL7vsylKhy2tk711lljf_y9pOUib389NZW5=w408-h306-k-no
https://www.google.com/maps/place/Saint+Joachim+Osogovski/data=!4m7!3m6!1s0x135576f2350662a1:0x946795e06d656a1c!8m2!3d42.2089939!4d22.3622698!16s%2Fm%2F0bm9tsr!19sChIJoWIGNfJ2VRMRHGplbeCVZ5Q?authuser=0&hl=en&rclk=1,Saint Joachim Osogovski,Свети Јоаким Осоговски,Monastery,"Orthodox monastery & church complex with elaborate frescoes, a natural spring & a restaurant.",4.8,"1,534 reviews",+389 76 499 599,none,https://lh5.googleusercontent.com/p/AF1QipM0DgCcGqLkq6H52YcO5JXV6YXCWgrSBLfdSCBt=w408-h306-k-no
https://www.google.com/maps/place/Paragliding+Ohrid/data=!4m7!3m6!1s0x1350dcaa4278ec37:0xf85fd941317e66f1!8m2!3d41.1013301!4d20.8061114!16s%2Fg%2F11d_z848tv!19sChIJN-x4QqrcUBMR8WZ-MUHZX_g?authuser=0&hl=en&rclk=1,Paragliding Ohrid,,Tourist attraction,none,4.9,79 reviews,+389 75 281 090,paraglidingohrid.com,https://lh5.googleusercontent.com/p/AF1QipO6B14_frQif7p4n1cbyRGTW0JKL5mskt9Vrp8F=w408-h306-k-no
https://www.google.com/maps/place/Lake+Matka/data=!4m7!3m6!1s0x135410306795e291:0x9c0e16d89d5122fc!8m2!3d41.952238!4d21.298778!16s%2Fg%2F122dkkx8!19sChIJkeKVZzAQVBMR_CJRndgWDpw?authuser=0&hl=en&rclk=1,Lake Matka,Матка,Lake,"Man-made lake in a scenic canyon, stocked for fishing & with an underwater cave.",4.7,141 reviews,none,none,https://lh5.googleusercontent.com/p/AF1QipNIJuGXLuwi2VVBM2K6u409ioL8FZ95_La9-J4U=w426-h240-k-no
https://www.google.com/maps/place/Varosh+Old+Town+Ohrid/data=!4m7!3m6!1s0x1350dcbb71d91571:0x958cb0ca6f5767d5!8m2!3d41.1143307!4d20.79502!16s%2Fg%2F11dyg0fbns!19sChIJcRXZcbvcUBMR1WdXb8qwjJU?authuser=0&hl=en&rclk=1,Varosh Old Town Ohrid,Варош Стариот град Охрид,Historical landmark,none,4.6,43 reviews,none,none,https://lh5.googleusercontent.com/p/AF1QipNQ0LMx_1bXzu6lfVmm2M7FL62g_HlZknHW4lWT=w408-h272-k-no
https://www.google.com/maps/place/The+Bridge+of+Civilisations+in+Macedonia/data=!4m7!3m6!1s0x135415b150ee5c7d:0x3997f6e80ce04e1f!8m2!3d41.9963991!4d21.4339862!16s%2Fg%2F11bc5svtkg!19sChIJfVzuULEVVBMRH07gDOj2lzk?authuser=0&hl=en&rclk=1,The Bridge of Civilisations in Macedonia,Мост на цивилизациите / Око,Bridge,none,4.4,60 reviews,none,none,https://lh5.googleusercontent.com/p/AF1QipNwDet5vYbPLXIdfxXurl5IpSf0bUTjbYCBZe3o=w426-h240-k-no
https://www.google.com/maps/place/G%C3%ABrmia+Park/data=!4m7!3m6!1s0x135498ea7f5793f9:0x20541da7484d7ff6!8m2!3d42.6753288!4d21.2110806!16s%2Fm%2F0_x8pfd!19sChIJ-ZNXf-qYVBMR9n9NSKcdVCA?authuser=0&hl=en&rclk=1,Gërmia Park,Parku i Gërmisë,Park,"Sprawling regional park with pine forests, multi-use trails, a seasonal swimming pool & restaurants.",4.7,989 reviews,none,none,https://lh5.googleusercontent.com/p/AF1QipML_DsKoVi5RMCU9-QqtQvw_vuzMc_AvFxVsc14=w408-h306-k-no
https://www.google.com/maps/place/Prizren+Fortress/data=!4m7!3m6!1s0x1353950fcf4cb4fd:0xf8a247e2f0e7703d!8m2!3d42.2093655!4d20.7453971!16s%2Fm%2F07s3f8y!19sChIJ_bRMzw-VUxMRPXDn8OJHovg?authuser=0&hl=en&rclk=1,Prizren Fortress,Kalaja e Prizrenit,Fortress,"Once the capital of the Serbian Empire, this medieval fortress is built on a hill with scenic views.",4.7,"1,548 reviews",none,none,https://lh5.googleusercontent.com/p/AF1QipP-YmACuPfmeyzXXgF2h0aepaYuMekQGuHsToe8=w408-h306-k-no
https://www.google.com/maps/place/Hisarlaka+Fortress/data=!4m7!3m6!1s0x14aa9cdd1ca8b9fb:0x429ebe883b8b630b!8m2!3d42.2757605!4d22.6913507!16s%2Fg%2F12345gf7!19sChIJ-7moHN2cqhQRC2OLO4i-nkI?authuser=0&hl=en&rclk=1,Hisarlaka Fortress,Крепост Хисарлъка,Fortress,none,4.7,"3,390 reviews",none,kreposthisarluka.bgsait.com,https://lh5.googleusercontent.com/p/AF1QipNXTEa8PosiRuysb-9r_BazE5PBzzWdJ29hxgfS=w408-h306-k-no
https://www.google.com/maps/place/Ciflik+Winery/data=!4m10!3m9!1s0x13572564f8f96697:0x5b58b2fba7eb0d46!5m2!4m1!1i2!8m2!3d41.0319937!4d21.2929092!16s%2Fg%2F11fy2qrtyx!19sChIJl2b5-GQlVxMRRg3rp_uyWFs?authuser=0&hl=en&rclk=1,Ciflik Winery,Винарија „Чифлик“,,none,4.5,577 reviews,+389 78 305 369,ciflikwinery.com,https://lh5.googleusercontent.com/p/AF1QipNDTClVNS0sTSSyRhGpMii9lXjwqVItK1uwHR78=w416-h240-k-no
https://www.google.com/maps/place/%D0%A3%D0%BB%D0%B8%D1%86%D0%B0+%E2%80%9E%D0%9C%D0%B0%D0%BA%D0%B5%D0%B4%D0%BE%D0%BD%D0%B8%D1%98%D0%B0%E2%80%9C/data=!4m7!3m6!1s0x135415234689358d:0xfbd5a39f8359032a!8m2!3d41.9918649!4d21.4296394!16s%2Fg%2F11lgwxg9ph!19sChIJjTWJRiMVVBMRKgNZg5-j1fs?authuser=0&hl=en&rclk=1,Улица „Македонија“,,Hiking area,none,5.0,2 reviews,none,none,https://lh5.googleusercontent.com/p/AF1QipNs9ubj9hgdBBcKC1Rhh5uvj2KYP8X3mB-xjTlT=w408-h544-k-no
https://www.google.com/maps/place/NEWBORN/data=!4m7!3m6!1s0x1354f2cbab67d493:0x5c97e5834932545a!8m2!3d42.6607045!4d21.1583042!16s%2Fm%2F0s8v8y7!19sChIJk9Rnq8vyVBMRWlQySYPll1w?authuser=0&hl=en&rclk=1,NEWBORN,,Tourist attraction,Contemporary monument commemorating Kosovo's declaration of independence from Serbia.,4.4,"2,655 reviews",none,m.facebook.com,https://lh5.googleusercontent.com/p/AF1QipOuOm-5nRjDQBtolMMAkGJzFEdNYV6KN_LwMtry=w408-h306-k-no
https://www.google.com/maps/place/Mother+Teresa+Cathedral/data=!4m7!3m6!1s0x13549ee8ab4ab551:0xc5bceaec65d0ab0e!8m2!3d42.6562802!4d21.1593528!16s%2Fm%2F04n1jnj!19sChIJUbVKq-ieVBMRDqvQZezqvMU?authuser=0&hl=en&rclk=1,Mother Teresa Cathedral,Katedralja Nënë Tereza,Cathedral,"Elegant, Romanesque-style cathedral built in honor of St. Teresa of Calcutta & inaugurated in 2010.",4.5,610 reviews,none,facebook.com,https://lh5.googleusercontent.com/p/AF1QipMcrsB5zUsDobeM5FaOC0HcAqYa8qAgroybqJW2=w408-h544-k-no
https://www.google.com/maps/place/Free+Skopje+Walking+Tours/data=!4m7!3m6!1s0x135415b46f8659ab:0x2b35d10a84936089!8m2!3d41.9954539!4d21.4314312!16s%2Fg%2F11bz__3dpz!19sChIJq1mGb7QVVBMRiWCThArRNSs?authuser=0&hl=en&rclk=1,Free Skopje Walking Tours,,Travel agency,none,4.9,145 reviews,+389 71 385 939,freeskopjewalkingtours.com,https://lh5.googleusercontent.com/p/AF1QipPJszlYfgEKMUtWvkl_gss9GzEBlYkCWlZbD134=w408-h242-k-no
https://www.google.com/maps/place/Info+Point+Mavrovo+National+Park/data=!4m7!3m6!1s0x135142e41e2cbbef:0x180fd47ee924f7b0!8m2!3d41.6986033!4d20.7526561!16s%2Fg%2F11cjnnpphs!19sChIJ77ssHuRCURMRsPck6X7UDxg?authuser=0&hl=en&rclk=1,Info Point Mavrovo National Park,,Tourist information center,none,4.2,77 reviews,+389 42 489 425,npmavrovo.org.mk,https://lh5.googleusercontent.com/p/AF1QipMVS-2xk0AELiCj8h2JQ2LHxe9McehIDDPzqfJK=w408-h306-k-no
https://www.google.com/maps/place/Rock+Land+Camp/data=!4m10!3m9!1s0x135612d1d88e1769:0x9e9e1c74250eb7b1!5m2!4m1!1i2!8m2!3d41.4020547!4d22.2466003!16s%2Fg%2F1ptyrw20h!19sChIJaReO2NESVhMRsbcOJXQcnp4?authuser=0&hl=en&rclk=1,Rock Land Camp,,,none,4.5,108 reviews,+389 70 343 401,campingmacedonia.com,https://lh3.googleusercontent.com/proxy/nLVyzQTKP6Blw6NvZzES5TJDhHmh0NfxKI-5hrG0h09IrrZwNxIYH8hCi0T8mjizpltjo1wy7yIr1WNSEouEuBA3JgVyGTwiadU7uXuYI1x_Qq5xw9Njm_im6UyoQM4RCyfDxnZmD02ZZNe3c0PZvJg_9Qym2Os=w437-h240-k-no
https://www.google.com/maps/place/Holy+Transfiguration/data=!4m7!3m6!1s0x1356b971b28fe871:0x56dd2a90c59f79f!8m2!3d41.5215773!4d21.3416941!16s%2Fm%2F0hnd2jc!19sChIJceiPsnG5VhMRn_dZDKnSbQU?authuser=0&hl=en&rclk=1,Holy Transfiguration,Свето Преображение,Monastery,none,4.9,276 reviews,+389 48 459 400,facebook.com,https://lh5.googleusercontent.com/p/AF1QipN9fQ6Ndu7K3-jgVWhSaFJ_EifDk7AzatR-6Uw=w539-h240-k-no
https://www.google.com/maps/place/Ponikva+Kochani+Macedonia/data=!4m7!3m6!1s0x13559a157f0f46f5:0xd526649c9aa405df!8m2!3d42.0337294!4d22.3547745!16s%2Fg%2F121zp668!19sChIJ9UYPfxWaVRMR3wWkmpxkJtU?authuser=0&hl=en&rclk=1,"Ponikva, Kochani, Macedonia","Пониква, Кочани, Македонија",Ski resort,none,4.5,722 reviews,none,none,https://lh5.googleusercontent.com/p/AF1QipPCkbPamLdewdou31Mf-MfLE8moD58Qi0bh54bB=w408-h306-k-no
https://www.google.com/maps/place/Dojran+Lake/data=!4m7!3m6!1s0x14a9e7215de08ed7:0xef93bb98925892a7!8m2!3d41.2217524!4d22.7509656!16zL20vMDZibWht!19sChIJ147gXSHnqRQRp5JYkpi7k-8?authuser=0&hl=en&rclk=1,Dojran Lake,Дојранско Езеро,Lake,"Picturesque lake bordered by national parkland, featuring trails alongside abundant flora & fauna.",4.3,561 reviews,none,none,https://lh5.googleusercontent.com/p/AF1QipOU0yugSHV6sbeGbrn_9CuZ1bQm8s-2D35PHIKh=w408-h306-k-no
https://www.google.com/maps/place/Voras+Ski+Center+(Kaimaktsalan)/data=!4m7!3m6!1s0x13570641b349efad:0x1065bf45813b2b07!8m2!3d40.9101234!4d21.8124747!16s%2Fg%2F1tdbyy67!19sChIJre9Js0EGVxMRBys7gUW_ZRA?authuser=0&hl=en&rclk=1,Voras Ski Center (Kaimaktsalan),Χιονοδρομικό Κέντρο Βόρα (Καϊμάκτσαλαν),Ski resort,"Ski area topping 2,500 meters with lessons, a cafe & a small white chapel at the summit.",4.3,"2,496 reviews",none,none,https://maps.gstatic.com/tactile/pane/default_geocode-1x.png
https://www.google.com/maps/place/Popova+Kula+Winery/data=!4m10!3m9!1s0x13566d39fec02077:0xa49c20b9625aebf0!5m2!4m1!1i2!8m2!3d41.410885!4d22.226565!16s%2Fg%2F11gzlcxwc!19sChIJdyDA_jltVhMR8OtaYrkgnKQ?authuser=0&hl=en&rclk=1,Popova Kula Winery,Попова Кула,,none,4.5,499 reviews,+389 76 432 630,popovakula.com.mk,https://lh5.googleusercontent.com/p/AF1QipN2pbG3-Ruiex4GCGcZET0uemJFVxLWtrYc2I7r=w719-h240-k-no
https://www.google.com/maps/place/Lake+Debar/data=!4m7!3m6!1s0x135110147d04b875:0xa94f4c6c1d657b14!8m2!3d41.5014116!4d20.5275048!16s%2Fg%2F121kdt93!19sChIJdbgEfRQQURMRFHtlHWxMT6k?authuser=0&hl=en&rclk=1,Lake Debar,Дебарско Езеро,Lake,none,4.4,64 reviews,none,none,https://lh5.googleusercontent.com/p/AF1QipPIup0Bot0KMW6KMwfZUb70hPTy5hH_V9XlrEk6=w408-h271-k-no
https://www.google.com/maps/place/Lake+Prespa/data=!4m7!3m6!1s0x1350b2dbd2d9ae69:0xc7f0d1b91f5194e2!8m2!3d40.8833161!4d21.022196!16zL20vMDV4NTk1!19sChIJaa7Z0tuyUBMR4pRRH7nR8Mc?authuser=0&hl=en&rclk=1,Lake Prespa,Преспанско Езеро,Lake,"Picturesque freshwater lake bordered by national parkland, offering trails & abundant flora & fauna.",4.8,379 reviews,none,none,https://lh5.googleusercontent.com/p/AF1QipM-4OmplPqyYSXMIUzBm6Pq7v8p0AGVtIbTZLEg=w408-h272-k-no
https://www.google.com/maps/place/Macedonia+Experience/data=!4m7!3m6!1s0x135415b49a6208b9:0xa39b63201afa9f18!8m2!3d41.996314!4d21.429673!16s%2Fg%2F1hm64vt5d!19sChIJuQhimrQVVBMRGJ_6GiBjm6M?authuser=0&hl=en&rclk=1,Macedonia Experience,Маседонијан експиријанс,Tour agency,none,4.7,10 reviews,+389 2 310 9448,macedoniaexperience.com,https://lh5.googleusercontent.com/p/AF1QipMt4ZPaWuoaYzn3TiRztYuyg8IUsMXcA042iVOZ=w408-h839-k-no
https://www.google.com/maps/place/Monastery+Visoki+Decani/data=!4m7!3m6!1s0x135255bbef3ab631:0x40b461713da03f2f!8m2!3d42.5462214!4d20.2653878!16zL20vMDZ2eTI0!19sChIJMbY677tVUhMRLz-gPXFhtEA?authuser=0&hl=en&rclk=1,Monastery Visoki Decani,Manastiri i Deçanit,Monastery,none,4.9,884 reviews,none,none,https://lh5.googleusercontent.com/p/AF1QipOL8wHKt8boumx1AlW6jzoXd_ZxqfRKofyZQUdc=w426-h240-k-no
https://www.google.com/maps/place/Berovo+lake/data=!4m7!3m6!1s0x14aa11532ed3548d:0x9f93517e50156ed2!8m2!3d41.6689922!4d22.9051355!16s%2Fm%2F09rwh41!19sChIJjVTTLlMRqhQR0m4VUH5Rk58?authuser=0&hl=en&rclk=1,Berovo lake,Беровско езеро,Lake,none,4.7,117 reviews,none,none,https://lh5.googleusercontent.com/p/AF1QipOVBA04wfBsHA2nQU8DKgRJlyjMfIiAx6k25rk=w408-h306-k-no
https://www.google.com/maps/place/Treska/data=!4m7!3m6!1s0x135413c566cb0791:0xc864a2bdb8b57075!8m2!3d42.0004741!4d21.3447733!16s%2Fm%2F07s8vfk!19sChIJkQfLZsUTVBMRdXC1uL2iZMg?authuser=0&hl=en&rclk=1,Treska,Треска,Water,"Macedonian river, a tributary of the Vardar, with 3 dams & lakes along its 132-km. course.",4.5,13 reviews,none,none,https://lh5.googleusercontent.com/p/AF1QipMU42H-0w0voeAt9gkz2DSKPrxjrjtp5zCa74pT=w408-h544-k-no
https://www.google.com/maps/place/Visit+Macedonia+DMC/data=!4m7!3m6!1s0x1354138cbd358801:0xa66da96111ea4bee!8m2!3d42.0041495!4d21.3731686!16s%2Fg%2F1hf0j9ctt!19sChIJAYg1vYwTVBMR7kvqEWGpbaY?authuser=0&hl=en&rclk=1,Visit Macedonia DMC,,Tour operator,none,4.6,8 reviews,+389 70 269 697,visitmacedonia.mk,https://lh5.googleusercontent.com/p/AF1QipMKtIqgXIStWDBNm4i7mqfubMAVVYSCNZ-WROS0=w408-h306-k-no
https://www.google.com/maps/place/Skopje+City+Tours/data=!4m7!3m6!1s0x1354137dc58f68df:0x525b15cfb62b6087!8m2!3d42.0073526!4d21.3591624!16s%2Fg%2F11lgwrw21d!19sChIJ32iPxX0TVBMRh2Arts8VW1I?authuser=0&hl=en&rclk=1,Skopje City Tours,,Sightseeing tour agency,none,none,0 reviews,+389 78 290 935,travel4macedonia.mk,https://lh5.googleusercontent.com/p/AF1QipPaTdKupINOCkh0zRAvFXTJbyO8FzkvAu4NCMRn=w426-h240-k-no
https://www.google.com/maps/place/Port+of+Ohrid+Macedonia/data=!4m7!3m6!1s0x1350dca5ab90eed3:0xa5c7ce0623eade42!8m2!3d41.1112378!4d20.7985349!16s%2Fg%2F1v_qr7f6!19sChIJ0-6Qq6XcUBMRQt7qIwbOx6U?authuser=0&hl=en&rclk=1","Port of Ohrid, Macedonia","Пристаниште Охрид, Македонија",Port,none,4.7,"1,486 reviews",none,none,https://lh5.googleusercontent.com/p/AF1QipOLRMowUGiL6kzCsp1XKbqGI2ft6w-52vHIFK_2=w408-h306-k-no
https://www.google.com/maps/place/Rila+Monastery/data=!4m7!3m6!1s0x14aae2bf1d3ad519:0xe08b0af1b5c27722!8m2!3d42.1334828!4d23.3401919!16zL20vMDNjODFy!19sChIJGdU6Hb_iqhQRInfCtfEKi-A?authuser=0&hl=en&rclk=1,Rila Monastery,Рилски манастир „Свети Иван Рилски“,Monastery,"Ornate monastery, one of the country's most-visited cultural sites, with a museum & frescoes.",4.8,"14,876 reviews",none,none,https://lh6.googleusercontent.com/proxy/RMUu9HZD586p8skuVb7Ug7KFw4d2VnUkQfSedttMV6G1kMBG3rHcRUm87HFWyP5qsdJx_n4s7mflsa-kLJedBIB9KUXdMu-gELdJWp-3-CFh_T4YLnvUDE6QM8kCSi4fqcXP4gLb_EWATullDqDioUsBDFUtJXI=w408-h272-k-no
https://www.google.com/maps/place/House+of+Mijaks+Ethno+Restaurant/data=!4m7!3m6!1s0x13516c9a5a9a3531:0x71a4f6c67c9d5c9f!8m2!3d41.6226099!4d20.6071504!16s%2Fg%2F11c1tj9pl7!19sChIJMTWaWppsURMRn1ydfMb2pHE?authuser=0&hl=en&rclk=1,House of Mijaks Ethno Restaurant,Етно ресторан “Куќа на Мијаците“,Restaurant,none,4.7,"1,230 reviews",+389 70 378 333,kukjanamijacite.mk,https://lh5.googleusercontent.com/p/AF1QipPD7nEUmZ-oTf0bbN6_QwCEDE5CUKNeQpO5sg39=w480-h240-k-no
https://www.google.com/maps/place/%D0%A1%D0%BF%D0%BE%D1%80%D1%82%D1%81%D0%BA%D0%B8+%D1%86%D0%B5%D0%BD%D1%82%D0%B0%D1%80+%D0%91%D0%BE%D1%80%D0%B8%D1%81+%D0%A2%D1%80%D0%B0%D1%98%D0%BA%D0%BE%D0%B2%D1%81%D0%BA%D0%B8/data=!4m7!3m6!1s0x135414531317360b:0xea67109e896e0f8e!8m2!3d42.009527!4d21.4040192!16s%2Fm%2F03h41w8!19sChIJCzYXE1MUVBMRjg9uiZ4QZ-o?authuser=0&hl=en&rclk=1,Спортски центар Борис Трајковски,,Sports complex,none,4.5,"3,708 reviews",+389 76 361 185,salaboristrajkovski.gov.mk,https://lh5.googleusercontent.com/p/AF1QipPLyBCY3mIDckuD1RdDhAEFU-OYCy9d0hY7w0IJ=w408-h305-k-no
https://www.google.com/maps/place/Kaneo/data=!4m7!3m6!1s0x1350dcb9fee39833:0x5c92145749aebd9e!8m2!3d41.1111025!4d20.7894947!16s%2Fg%2F11_t9gnlh!19sChIJM5jj_rncUBMRnr2uSVcUklw?authuser=0&hl=en&rclk=1,Kaneo,Канео,Beach,"Tiny, rocky beach on Lake Ohrid featuring traditional seafood restaurants & a swimming platform.",4.7,68 reviews,none,none,https://lh5.googleusercontent.com/p/AF1QipP9hRmbEafjQLhqgsi7AA4S1tee8HN4pd3r2_aE=w408-h272-k-no
https://www.google.com/maps/place/Laserhunt+Fun+Center+Macedonia/data=!4m7!3m6!1s0x135415d7a6b8b7ff:0x2f435bc7d6040e09!8m2!3d41.973659!4d21.4375827!16s%2Fg%2F11bz_xkk6q!19sChIJ_7e4ptcVVBMRCQ4E1sdbQy8?authuser=0&hl=en&rclk=1,Laserhunt Fun Center Macedonia,,Laser tag center,none,4.6,142 reviews,+389 72 209 606,none,https://lh5.googleusercontent.com/p/AF1QipNJE5ZDTJ0-XNMfV0_pSEL6CRxh7D2aUAoupijw=w426-h240-k-no
https://www.google.com/maps/place/Visit+North+Macedonia/data=!4m7!3m6!1s0x135413ce879b9949:0x54ed69cecf464ac7!8m2!3d42.0073526!4d21.3591624!16s%2Fg%2F11qnhyd9zz!19sChIJSZmbh84TVBMRx0pGz85p7VQ?authuser=0&hl=en&rclk=1,Visit North Macedonia,,Sightseeing tour agency,none,none,0 reviews,+389 78 290 935,travel4macedonia.mk,https://lh5.googleusercontent.com/p/AF1QipMi8HCok2gZxV-8amobzbM_dwIk1tgdV5YnhRgt=w531-h240-k-no
https://www.google.com/maps/place/Skopje+Walking+Tours/data=!4m7!3m6!1s0x13541505eedc0737:0x483c102e3124731c!8m2!3d41.9944884!4d21.4323213!16s%2Fg%2F11jphc2g0p!19sChIJNwfc7gUVVBMRHHMkMS4QPEg?authuser=0&hl=en&rclk=1,Skopje Walking Tours,,Travel agency,none,none,0 reviews,+389 75 287 434,skopjewalkingtours.com,https://streetviewpixels-pa.googleapis.com/v1/thumbnail?panoid=TfiRIneS7ZnXyezv65EaQQ&cb_client=search.gws-prod.gps&w=408&h=240&yaw=1.9342576&pitch=0&thumbfov=100
https://www.google.com/maps/place/Golden+Beach/data=!4m7!3m6!1s0x1350c3507e60c8ed:0x97b1fb096f26e52!8m2!3d41.0901678!4d20.7983886!16s%2Fg%2F11b7q04pmv!19sChIJ7chgflDDUBMRUm7ylrAfewk?authuser=0&hl=en&rclk=1,Golden Beach,,Beach,none,3.7,127 reviews,none,none,https://lh5.googleusercontent.com/p/AF1QipNrI3j98W2DJ-a1STtyQKscFrUH-UdGyAaOUhTj=w408-h306-k-no
https://www.google.com/maps/place/Car+Camp+Ljubanishta/data=!4m7!3m6!1s0x1350bf118dae57bb:0x16cd69106ec5a888!8m2!3d40.9247569!4d20.774082!16s%2Fg%2F1tg52l6y!19sChIJu1eujRG_UBMRiKjFbhBpzRY?authuser=0&hl=en&rclk=1,Car Camp Ljubanishta,Авто-камп Љубаништа,Campground,none,4.4,"1,052 reviews",+389 46 283 011,campljubanista.mk,https://lh5.googleusercontent.com/p/AF1QipNwfEW3rwBR75HdhFE_fvdoN6E8Jh0VPe_4tNhx=w408-h306-k-no
https://www.google.com/maps/place/Great+Prespa+Lake/data=!4m7!3m6!1s0x1350b5dd6ae817a1:0x4ca7156fd4ff0810!8m2!3d40.8833161!4d21.022196!16s%2Fg%2F120vz1gr!19sChIJoRfoat21UBMREAj_1G8Vp0w?authuser=0&hl=en&rclk=1,Great Prespa Lake,Преспанско Езеро,Lake,none,4.6,68 reviews,none,none,https://lh5.googleusercontent.com/p/AF1QipMOnOiVE7oTA8mBsfnXUWAjt8P7h1UmqNyZFopo=w408-h306-k-no
https://www.google.com/maps/place/Arcturos+Bear+Sanctuary/data=!4m7!3m6!1s0x135767df28b36407:0x8150d9072eb5a611!8m2!3d40.6522713!4d21.5031017!16s%2Fg%2F11cn92rfs2!19sChIJB2SzKN9nVxMREaa1LgfZUIE?authuser=0&hl=en&rclk=1,Arcturos Bear Sanctuary,Κέντρο Προστασίας Αρκούδας - Bear Conservation Area,Environmental organization,none,4.7,"1,531 reviews",none,none,https://lh5.googleusercontent.com/p/AF1QipPzYVjQkk8wry7BTvA3_8KGIrALDkxq3PEYcaSg=w408-h271-k-no
https://www.google.com/maps/place/Vlatadon+Monastery/data=!4m7!3m6!1s0x14a83852a3f02bdf:0xcb864a3a71b9c6f7!8m2!3d40.6417948!4d22.9544911!16s%2Fg%2F120kt2hg!19sChIJ3yvwo1I4qBQR98a5cTpKhss?authuser=0&hl=en&rclk=1,Vlatadon Monastery,Ιερά Μονή Βλατάδων,Monastery,"Hilltop Byzantine temple with city views, centuries-old frescoes, icons & religious treasures.",4.7,"2,228 reviews",none,none,https://lh5.googleusercontent.com/p/AF1QipOE6aKoWTyw1cUfqHdkuH-mAIHFU-oiXE6x5uYi=w408-h544-k-no
https://www.google.com/maps/place/Camping+Rino+2/data=!4m7!3m6!1s0x1350e76bd86cca77:0x557e4115e9ab83f!8m2!3d41.1559011!4d20.6508312!16s%2Fg%2F11flvfmv7g!19sChIJd8ps2GvnUBMRP7iaXhHkVwU?authuser=0&hl=en&rclk=1,Camping Rino 2,Рино 2,Campground,none,4.9,115 reviews,+389 70 878 256,campingrino.com,https://lh5.googleusercontent.com/p/AF1QipP3BK2fO7dalmi4d4qdcOZ3XnR_TLREt826hzbS=w427-h240-k-no
https://www.google.com/maps/place/Mr.+Bricolage/data=!4m7!3m6!1s0x13543e29d8f9ae07:0x187c2ff1a7fe9ec8!8m2!3d41.9959259!4d21.4748902!16s%2Fg%2F1hc3ns2x8!19sChIJB6752Ck-VBMRyJ7-p_EvfBg?authuser=0&hl=en&rclk=1,Mr. Bricolage,Трговски центар со опрема за дома „Бриколаж“,Shopping mall,none,4.2,"3,052 reviews",+389 2 321 7980,none,https://lh5.googleusercontent.com/p/AF1QipNJTpKzUomtqOZGLs1X9oZXnQHsTpFyCaKXBe36=w426-h240-k-no
https://www.google.com/maps/place/Archaeological+Museum+of+Pella/data=!4m7!3m6!1s0x1357d0aaf2f10ddb:0xe4ffd9a72fcd9a52!8m2!3d40.7619579!4d22.5193985!16s%2Fm%2F0k0l2r7!19sChIJ2w3x8qrQVxMRUprNL6fZ_-Q?authuser=0&hl=en&rclk=1,Archaeological Museum of Pella,Αρχαιολογικό Μουσείο Πέλλας,Archaeological museum,none,4.7,"1,517 reviews",none,none,https://lh5.googleusercontent.com/p/AF1QipMvrhLj_y6fnOPewqNp3t2B87QKm6wsGK7-ZZ5I=w408-h306-k-no
https://www.google.com/maps/place/Zaharchev+Wines+%26+Spirits/data=!4m7!3m6!1s0x135665e40edeac9b:0x6c17e19f76542bde!8m2!3d41.4360468!4d22.0048696!16s%2Fg%2F11jcmk_58j!19sChIJm6zeDuRlVhMR3itUdp_hF2w?authuser=0&hl=en&rclk=1,Zaharchev Wines & Spirits,Семејна винарија „Захарчев“,Winery,none,none,0 reviews,+389 70 743 742,zaharchev.mk,https://lh5.googleusercontent.com/p/AF1QipMeeajO-zxxIZGxhqf3dIJe9te1tZeTy8iZlvtK=w408-h306-k-no
https://www.google.com/maps/place/Camping+Lakeside/data=!4m7!3m6!1s0x1350e73cce9dfb85:0x84075ead44c5e5c5!8m2!3d41.1512701!4d20.6512114!16s%2Fg%2F11g0mv8q0h!19sChIJhfudzjznUBMRxeXFRK1eB4Q?authuser=0&hl=en&rclk=1,Camping Lakeside,,,none,4.9,56 reviews,+389 78 271 491,facebook.com,https://lh5.googleusercontent.com/p/AF1QipNRIVm1FtRdZXYXbgViTfuxcwVpfV5k6ppas-XV=w408-h306-k-no
https://www.google.com/maps/place/Syri+i+Ciklopit/data=!4m7!3m6!1s0x135047c8a906b045:0xdbc1399b5de2b155!8m2!3d41.234147!4d19.9844192!16s%2Fg%2F11g8bbdhcq!19sChIJRbAGqchHUBMRVbHiXZs5wds?authuser=0&hl=en&rclk=1,Syri i Ciklopit,,Tourist attraction,none,4.6,201 reviews,none,none,https://lh5.googleusercontent.com/p/AF1QipMLKW3MtyGgubDnDSvxMqVmLVzTYSggnZYI7A3b=w427-h240-k-no
https://www.google.com/maps/place/South+East+European+University/data=!4m7!3m6!1s0x1353fa781c988b49:0x72066ce3777a2e2c!8m2!3d41.9867107!4d20.9607297!16zL20vMDMwbTk2!19sChIJSYuYHHj6UxMRLC56d-NsBnI?authuser=0&hl=en&rclk=1,South East European University,Југоисточна Европа,University,none,4.6,108 reviews,+389 44 356 000,seeu.edu.mk,https://lh5.googleusercontent.com/p/AF1QipPeJhRawXQHqOPMFalQwFS57tNJmaqK5kyjbtnZ=w408-h272-k-no
https://www.google.com/maps/place/Goblin+Games/data=!4m7!3m6!1s0x1354144ecb4e54a1:0x47c480a78912b852!8m2!3d41.9989232!4d21.4196846!16s%2Fg%2F11c1s0xdzl!19sChIJoVROy04UVBMRUrgSiaeAxEc?authuser=0&hl=en&rclk=1,Goblin Games,,Game store,none,4.9,155 reviews,+389 78 669 482,goblingames.mk,https://lh5.googleusercontent.com/p/AF1QipNE6LFi3enQJun5dd1X3ZOrV3z3icC1GTglJCJv=w511-h240-k-no
https://www.google.com/maps/place/BUNK'ART/data=!4m7!3m6!1s0x13503401a8cfe759:0xfecdcde47641997b!8m2!3d41.3498231!4d19.8605315!16s%2Fg%2F11b6mpgq5y!19sChIJWefPqAE0UBMRe5lBduTNzf4?authuser=0&hl=en&rclk=1,BUNK'ART,,Museum,"Former Cold War bunker, now an underground contemporary art & history museum over several floors.",4.7,905 reviews,none,none,https://lh5.googleusercontent.com/p/AF1QipNUPZ_7spqd3FMObhmkw05BWHdrsUMoXeLUwTlj=w408-h271-k-no
https://www.google.com/maps/place/Castle+of+Kruja/data=!4m7!3m6!1s0x1351cdda90c2b389:0x39d52cebe65e9e3a!8m2!3d41.5075895!4d19.7947574!16zL20vMDVfMnk5!19sChIJibPCkNrNURMROp5e5uss1Tk?authuser=0&hl=en&rclk=1,Castle of Kruja,Kalaja e Krujës,Castle,"Historic castle that houses several museums, the Tekke of Dollmë monument & the ruins of a mosque.",4.6,"4,455 reviews",none,none,https://lh5.googleusercontent.com/p/AF1QipPgM6Wlsni0vRguH1oH4lQHba3qehAeAGiaWdcD=w426-h240-k-no
https://www.google.com/maps/place/Mavrovka/data=!4m7!3m6!1s0x135415b00016df31:0x107e7c1141665b3c!8m2!3d41.9994427!4d21.4393416!16s%2Fg%2F11r8cdp8f!19sChIJMd8WALAVVBMRPFtmQRF8fhA?authuser=0&hl=en&rclk=1,Mavrovka,Трговски центар „Мавровка“,Shopping mall,none,3.6,"1,090 reviews",+389 77 941 503,none,https://lh5.googleusercontent.com/p/AF1QipMyZ3XXhXCJraxxn9vWy2uW_yrkHieKhBQd-uWp=w408-h544-k-no
https://www.google.com/maps/place/Skopje+City+Mall/data=!4m7!3m6!1s0x1354146e17dd809b:0x7741a9cfe3c98a55!8m2!3d42.0042193!4d21.3917118!16s%2Fg%2F1hc2_ws52!19sChIJm4DdF24UVBMRVYrJ48-pQXc?authuser=0&hl=en&rclk=1,Skopje City Mall,Скопје Сити мол,Shopping mall,"Local staple for shopping & dining, with multiple levels of name-brand stores, cafes & a cinema.",4.4,"8,384 reviews",+389 2 321 7012,skopjecitymall.mk,https://lh5.googleusercontent.com/p/AF1QipPPw7tfsFfYjvbKvXRMDEhtMqH69lnouA00NFOR=w408-h541-k-no
https://www.google.com/maps/place/Explore+Macedonia/data=!4m7!3m6!1s0x1354132c09f2f65b:0x575cac6db51dffba!8m2!3d42.0073526!4d21.3591624!16s%2Fg%2F11qn09dbkw!19sChIJW_byCSwTVBMRuv8dtW2sXFc?authuser=0&hl=en&rclk=1,Explore Macedonia,,Tour operator,none,5.0,3 reviews,+389 71 237 447,explore-macedonia.mk,https://lh5.googleusercontent.com/p/AF1QipNc0_xSdBbTnVHs1i5_40fkUvFnC6p1syAW9OhD=w427-h240-k-no
https://www.google.com/maps/place/Parku+Rinia+-+Youth+Park+-+Taiwan+Park/data=!4m7!3m6!1s0x13503104d126d74f:0xbdb549f176f30cc!8m2!3d41.3248984!4d19.8183262!16s%2Fm%2F0drzqv3!19sChIJT9cm0QQxUBMRzDBvF59U2ws?authuser=0&hl=en&rclk=1,Parku Rinia - Youth Park - Taiwan Park,,Park,Small park in the heart of Tirana featuring a large fountain & a pavilion with restaurants.,4.4,"1,958 reviews",none,none,https://lh5.googleusercontent.com/p/AF1QipOEgjM4Gn_NWDRZvYTlEkqTPnsAII8jz6ybc64=w408-h306-k-no
https://www.google.com/maps/place/DMC+Balkans+Travel+%26+Events/data=!4m7!3m6!1s0x1350dca1f246af25:0xa2700e1115c9ce3d!8m2!3d41.1171597!4d20.8022744!16s%2Fg%2F11c6v6brk7!19sChIJJa9G8qHcUBMRPc7JFREOcKI?authuser=0&hl=en&rclk=1,DMC Balkans Travel & Events,,Tour operator,none,4.9,68 reviews,+389 46 256 333,dmcbalkans.com,https://lh5.googleusercontent.com/p/AF1QipN56Zzg8DNLPB3mmwCwhUiMvDrs8cxIM5t5xumL=w408-h323-k-no
https://www.google.com/maps/place/Paragloding+Club+Heli+Xc/data=!4m7!3m6!1s0x13543e23c8d000ad:0x27ee9b27cf377d60!8m2!3d41.9846365!4d21.4823096!16s%2Fg%2F11ckkrh0wt!19sChIJrQDQyCM-VBMRYH03zyeb7ic?authuser=0&hl=en&rclk=1,Paragloding Club Heli Xc,,Sports school,none,none,0 reviews,+389 71 261 398,none,https://lh5.googleusercontent.com/p/AF1QipMPFfiOu2VxED6EIxD1kR7hccQNS5OE6XEHnVns=w426-h240-k-no
https://www.google.com/maps/place/The+Ancient+Macedonian/data=!4m7!3m6!1s0x13541564732c7b01:0xa05dfab465fddb23!8m2!3d42.0304918!4d21.4486605!16s%2Fg%2F11h4fhxgl9!19sChIJAXssc2QVVBMRI9v9ZbT6XaA?authuser=0&hl=en&rclk=1,The Ancient Macedonian,,Educational consultant,none,4.0,1 review,+389 71 907 577,none,https://streetviewpixels-pa.googleapis.com/v1/thumbnail?panoid=DjgZM26zTVdaFjbK8rexyA&cb_client=search.gws-prod.gps&w=408&h=240&yaw=177.58269&pitch=0&thumbfov=100
https://www.google.com/maps/place/Ohrid+St.+Paul+The+Apostle+Airport/data=!4m7!3m6!1s0x1350dddb7da09125:0x4b29ae94f9c639aa!8m2!3d41.1811111!4d20.7452778!16zL20vMGNrd3Fy!19sChIJJZGgfdvdUBMRqjnG-ZSuKUs?authuser=0&hl=en&rclk=1,Ohrid St. Paul The Apostle Airport,Аеродром Св. Апостол Павле - Охрид,International airport,none,3.7,289 reviews,+389 46 252 820,ohd.airports.com.mk,https://lh5.googleusercontent.com/p/AF1QipOeLfivc_QnN8iqhbEI25zVST5Jb50nErQso_Pw=w426-h240-k-no
https://www.google.com/maps/place/Explore+Ohrid/data=!4m7!3m6!1s0x1350dbd807d72cdf:0x2cd55306e329699!8m2!3d41.1173991!4d20.7991493!16s%2Fg%2F11j81z4zdy!19sChIJ3yzXB9jbUBMRmZYybjBVzQI?authuser=0&hl=en&rclk=1,Explore Ohrid,,Tourist information center,none,4.9,11 reviews,+389 78 908 303,none,https://lh5.googleusercontent.com/p/AF1QipNWXwGetOWObeUhJzPJk8sv0WYJbjf5K42x1vFq=w426-h240-k-no
https://www.google.com/maps/place/Wine+Tours+Macedonia/data=!4m7!3m6!1s0x135415ffb219640d:0x2873d1a6503e6f64!8m2!3d42.0014049!4d21.424255!16s%2Fg%2F11h1qshcfp!19sChIJDWQZsv8VVBMRZG8-UKbRcyg?authuser=0&hl=en&rclk=1,Wine Tours Macedonia,,Tour operator,none,5.0,2 reviews,+389 70 958 307,winetours.mk,https://lh5.googleusercontent.com/p/AF1QipNkDUkln2_EdSLo2unqRYsjo5GzY8Bio3i68Cgt=w408-h271-k-no
https://www.google.com/maps/place/Macedonia+Travel/data=!4m7!3m6!1s0x1354144e71e761f7:0xb3ed5a053b0d8bf7!8m2!3d42.001633!4d21.420912!16s%2Fg%2F1yh5th6y0!19sChIJ92HncU4UVBMR94sNOwVa7bM?authuser=0&hl=en&rclk=1,Macedonia Travel,Македонија Травел,Travel,none,4.8,4 reviews,+389 2 311 2408,macedoniatravel.com,https://streetviewpixels-pa.googleapis.com/v1/thumbnail?panoid=NxwyonQft7ck7X3MM4vsew&cb_client=search.gws-prod.gps&w=408&h=240&yaw=149.13553&pitch=0&thumbfov=100
https://www.google.com/maps/place/Canyon+Matka+Hotel+%26+Restaurant/data=!4m7!3m6!1s0x1354103a895f3cdb:0x5fe9112e4223591d!8m2!3d41.9502933!4d21.2992156!16s%2Fg%2F1hf0cxpz3!19sChIJ2zxfiToQVBMRHVkjQi4R6V8?authuser=0&hl=en&rclk=1,Canyon Matka Hotel & Restaurant,,,none,3.5,333 reviews,+389 2 205 2655,canyonmatka.mk,https://lh5.googleusercontent.com/p/AF1QipMAmR2Cbbw2EdmHgdjZ9LF1b0Jq7eKg1LRZYafy=w408-h407-k-no
https://www.google.com/maps/place/Skopje+Marriott+Hotel/data=!4m7!3m6!1s0x135415b48799d051:0xdccbcdecbab81840!8m2!3d41.9959082!4d21.4303236!16s%2Fg%2F1hhvs4frz!19sChIJUdCZh7QVVBMRQBi4uuzNy9w?authuser=0&hl=en&rclk=1,Skopje Marriott Hotel,Хотел „Мериот“,,none,4.7,"2,631 reviews",+389 2 510 2510,marriott.com,https://lh5.googleusercontent.com/p/AF1QipNcUgqHCrrRjGFVBELR3BvWH4RzR6QVJrGy6qJh=w408-h272-k-no
